{
    "周刚":[102.949648,24.530973],
    "王猛":[102.930593,24.509888],
    "余卫国":[102.94879,24.52863],
    "杨树玉":[102.950849,24.532378],
    "王燕":[102.92613,24.508951],
    "宋宇洪欣":[102.918577,24.508483],
    "张国成":[102.912741,24.494112],
    "陈川":[102.948446,24.522539],
    "张绍才":[102.913599,24.495205],
    "黄宇航":[102.951879,24.555488],
    "李云辰":[102.964582,24.578438],
    "汪宇":[102.957544,24.590926],
    "李涛":[102.953768,24.612621],
    "曹建":[102.936945,24.625106],
    "李德":[102.843389,24.611685],
    "熊学全":[102.889223,24.63166],
    "钟洪蒋":[102.841158,24.418326],
    "孔繁东":[102.841158,24.418326],
    "宋春林":[102.893515,24.398474],
    "Tangzhou test":[102.880297,24.373302],
    "杨正有":[102.826738,24.401131],
    "李科":[102.848196,24.352504],
    "邹希敏":[102.833776,24.364858],
    "刘成斌":[102.899351,24.458022],
    "李江坤":[102.917204,24.50942],
    "陈斌":[102.899866,24.457553],
    "杨婷":[102.905016,24.435519],
    "王丽":[102.903128,24.423484],
    "汤国民":[102.899694,24.406915],
    "张虎":[102.900209,24.412074],
    "刘海生":[102.893515,24.398317],
    "张旭波":[102.848711,24.525038],
    "杨瑞和":[102.856607,24.509732],
    "何奕瑾":[102.865705,24.487551],
    "杨猛":[102.865705,24.481771],
    "潘忠元":[102.862272,24.461147],
    "魏祖志":[102.857981,24.450209],
    "于相臣":[102.858324,24.44974],
    "吴涛":[102.858324,24.44974],
    "胡宇翔":[102.840128,24.41223],
    "侯金":[102.825365,24.399255],
    "韩嵘":[102.819528,24.390188],
    "王彬彬":[102.828627,24.371425],
    "杨二波":[102.834635,24.368923],
    "张俊逸":[102.835321,24.361887],
    "岳伟":[102.836008,24.352191],
    "杨建林":[102.879438,24.371425],
    "汪自训":[102.907419,24.631816],
    "雷红杰":[102.878065,24.63088],
    "徐海涛":[102.843389,24.609656],
    "马子继":[102.845449,24.58078],
    "张平":[102.846136,24.58156],
    "杨一鸣":[102.844591,24.575472],
    "王建刚":[102.843561,24.59077],
    "旃明华":[102.843733,24.579531],
    "赵进华":[102.838755,24.548931],
    "龚玉明":[102.842531,24.529879],
    "谢光保":[102.848024,24.525819],
    "李玉伟":[102.852487,24.513012],
    "钟天舰":[102.852487,24.513012],
    "沈恩慧":[102.952223,24.559236 ],
    "普志刚":[102.960291,24.586556],
    "岳刚":[102.795496,24.377992],
    "罗明":[102.778501,24.370018],
    "罗丁太":[102.798757,24.327792],
    "尹桂珍":[102.798757,24.327792],
    "李志立":[102.798071,24.32044],
    "黄文彬":[102.800989,24.319032],
    "董文源":[102.804079,24.307456],
    "王九信":[102.807341,24.300885],
    "李云富":[102.779875,24.296348],
    "官家盛":[102.767343,24.334518],
    "沈涛":[102.793264,24.379556],
    "台晋":[102.805281,24.361105],
    "岳万翔":[102.760649,24.33749],
    "王子豪":[102.759447,24.317312],
    "孙红飞":[102.765627,24.305892],
    "许国松":[102.788629,24.288056],
    "吕忠雄":[102.788801,24.287586]
}