{
    "Records": [
        {
            "id": 0,
            "name": "摄像头S022",
            "online": true,
            "location": [
                102.87231759723097,
                24.635614532286542
            ]
        },
        {
            "id": 1,
            "name": "摄像头S002",
            "online": true,
            "location": [
                102.92997521271293,
                24.632457296218774
            ]
        },
        {
            "id": 2,
            "name": "摄像头S010",
            "online": true,
            "location": [
                102.901841075038,
                24.476074556515037
            ]
        }
    ]
}