{
    "Records": [
        {
            "id": 3,
            "name": "无人机xxx",
            "online": true,
            "location": [
                102.89419970431148,
                24.549393372085678
            ]
        },
        {
            "id": 4,
            "name": "无人机xxx",
            "online": false,
            "location": [
                102.84444684830605,
                24.474087794275462
            ]
        },
        {
            "id": 5,
            "name": "无人机xxx",
            "online": true,
            "location": [
                102.87092825709885,
                24.432758456703883
            ]
        }
    ]
}